INSERT INTO user (id, login, firstName, lastName, email, password, createdAt)
VALUES (1, 'admin', 'Maciej', 'Walecki', 'admin@email.com', '$2b$10$QLW7v2wId.LmSvuTiCjsIOapeUUJaVzU.SHixMRiYQ2TPTMoN3rPS', '2023-09-19 00:00:00');

INSERT INTO ingredient (id, name, isAlcoholic)
VALUES
    (1, 'Rum', true),
    (2, 'Lime', false),
    (3, 'Coke', false),
    (4, 'Ice', false),
    (5, 'Kahlua', true),
    (6, 'Baileys', true),
    (7, 'Triple sec', true),
    (8, 'Vodka', true),
    (9, 'Blue curacao', true),
    (10, 'Lemon juice', false),
    (11, 'Lemon vodka', true),
    (12, 'Cranberry juice', false),
    (13, 'Tequila', true),
    (14, 'Salt', false),
    (15, 'Raspberry syrup', false),
    (16, 'Tabasco', false),
    (17, 'Orange juice', false),
    (18, 'Grenadine', false),
    (19, 'Lime juice', false),
    (20, 'Sugar syrup', false),
    (21, 'Peach liqueur', true);

INSERT INTO cocktail (id, name, imageUrl, description, category, difficulty, createDate, authorId)
VALUES
    (
        1,
        'Cuba libre',
        'https://cdn.aniagotuje.com/pictures/articles/2021/06/16753885-v-1500x1500.jpg',
        'Rum and Coke, or the Cuba libre, is a highball cocktail consisting of cola, rum, and in many recipes lime juice on ice. Traditionally, the cola ingredient is Coca-Cola ("Coke") and the alcohol is a light rum such as Bacardi',
        3,
        1,
        '2023-09-19 00:00:00',
        1
    ),
    (
        2,
        'B-52',
        'https://www.liquor.com/thmb/oRSCAy2LYDTsOgKjjq3goMTjzH4=/1500x0/filters:no_upscale():max_bytes(150000):strip_icc()/__opt__aboutcom__coeus__resources__content_migration__liquor__2016__12__05144234__B52-shot-720sq-a7c7feadc9bb46098c21ae11442ccc64.jpg',
        'The B-52 (also B52 or Bifi or Bifty) cocktail is a layered shot composed of a coffee liqueur (Kahlúa), an Irish cream (Baileys Irish Cream), and a Grand Marnier (in later versions replaced with triple sec or Cointreau).',
        1,
        1,
        '2023-09-19 00:00:00',
        1
    ),
    (
        3,
        'Blue kamikaze',
        'https://thelittlestcrumb.com/wp-content/uploads/blue-kamikaze-shot-2.jpg',
        'The Kamikaze is made of equal parts vodka, triple sec and lime juice. Garnish is typically a wedge or twist of lime. Kamikaze (神風) is a Japanese word literally meaning "divine wind".',
        1,
        1,
        '2023-09-19 00:00:00',
        1
    ),
    (
        4,
        'Mad dog',
        'https://www.drinkomania.pl/wp-content/uploads/2012/05/wsciekly-pies.png',
        'Wściekły pies ("rabid dog" or “mad dog”) is a Polish alcoholic drink consisting of a 1 cl shot of vodka, a shot of raspberry or blackcurrant syrup, and several drops of tabasco sauce. It is traditionally drunk in a single gulp.',
        1,
        1,
        '2023-09-19 00:00:00',
        1
    ),
    (
        5,
        'Cosmopolitan',
        'https://cdn.aniagotuje.com/pictures/articles/2023/07/45574138-v-1080x1080.jpg',
        'The International Bartenders Association recipe is based on vodka citron, lemon-flavored vodka. The cosmopolitan is a relative of cranberry coolers like the Cape Codder. Though often presented far differently, the cosmopolitan also bears a likeness in composition to the kamikaze cocktail.The origin of the cosmopolitan is disputed.',
        2,
        1,
        '2023-09-19 00:00:00',
        1
    ),
    (
        6,
        'Margarita',
        'https://cdn.aniagotuje.com/pictures/articles/2022/12/37029417-v-1080x1080.jpg',
        'A margarita is a cocktail consisting of tequila, triple sec, and lime juice. Some margarita recipes include simple syrup as well and are often served with salt on the rim of the glass. Margaritas can be served either shaken with ice (on the rocks), without ice (straight up), or blended with ice (frozen margarita). Most bars serve margaritas in a stepped-diameter variant of a cocktail glass or champagne coupe called a margarita glass. The margarita is one of the worlds most popular cocktails and the most popular tequila-based cocktail',
        2,
        2,
        '2023-09-19 00:00:00',
        1
    ),
    (
        7,
        'Tequila sunrise',
        'https://www.acouplecooks.com/wp-content/uploads/2020/04/Tequila-Sunrise-003.jpg',
        'The tequila sunrise is a cocktail made of tequila, orange juice, and grenadine syrup. The drink is served unmixed in a tall glass. The modern drink originates from Sausalito, California, in the early 1970s after an earlier iteration created in the 1930s in Phoenix, Arizona. The cocktail is named for its appearance when served—with gradations of color resembling a sunrise.',
        3,
        3,
        '2023-09-19 00:00:00',
        1
    ),
    (
        8,
        'Daiquiri',
        'https://www.liquor.com/thmb/aLlM1JQiNiu0o2Mwx2n2AfOgoyw=/750x0/filters:no_upscale():max_bytes(150000):strip_icc():format(webp)/Daiquiri_3000x3000_primary-206eb2330cb04852ab7d780dcf3d55ef.jpg',
        'The daiquiri is a cocktail whose main ingredients are rum, citrus juice (typically lime juice), and sugar or other sweetener. The daiquiri is one of the six basic drinks listed in David A. Emburys classic The Fine Art of Mixing Drinks, which also lists some variations.',
        2,
        2,
        '2023-09-19 00:00:00',
        1
    ),
    (
        9,
        'Sex on the Beach',
        'https://cdn.aniagotuje.com/pictures/articles/2023/06/44049703-v-1080x1080.jpg',
        'A sex on the beach is an alcoholic cocktail containing vodka, peach schnapps, orange juice and cranberry juice. It is an International Bartenders Association Official Cocktail.',
        3,
        1,
        '2023-09-19 00:00:00',
        1
    );

INSERT INTO ingredient_item (unit, quantity, cocktailId, ingredientId)
VALUES
    (2, 40, 1, 1),
    (4, 0.25, 1, 2),
    (2, 200, 1, 3),
    (5, 0.5, 1, 4),
    (2, 10, 2, 5),
    (2, 10, 2, 6),
    (2, 10, 2, 7),
    (2, 40, 3, 8),
    (2, 40, 3, 9),
    (2, 40, 3, 10),
    (5, 0.25, 3, 4),
    (2, 20, 4, 8),
    (2, 10, 4, 15),
    (6, 0.5, 4, 16),
    (2, 40, 5, 11),
    (2, 15, 5, 10),
    (2, 15, 5, 7),
    (2, 30, 5, 12),
    (4, 2, 5, 4),
    (2, 40, 6, 13),
    (2, 20, 6, 7),
    (2, 15, 6, 10),
    (8, 6, 6, 14),
    (4, 4, 6, 4),
    (2, 40, 7, 13),
    (2, 200, 7, 17),
    (7, 1, 7, 18),
    (5, 0.5, 7, 4),
    (2, 40, 8, 1),
    (2, 20, 8, 19),
    (2, 5, 8, 20),
    (4, 3, 8, 4),
    (2, 40, 9, 8),
    (2, 20, 9, 21),
    (2, 40, 9, 17),
    (2, 40, 9, 12),
    (5, 0.5, 9, 4);

INSERT INTO preparation_step (step, action, tip, ingredientId, cocktailId)
VALUES
    (1, 'ADD', 'to glass', 4, 1),
    (2, 'SQUEEZE', 'on ice', 2, 1),
    (3, 'POUR', 'to fill glass', 3, 1),
    (1, 'POUR', 'into shot glass', 5, 2),
    (2, 'POUR', 'on an upside down spoon into glass', 6, 2),
    (3, 'POUR', 'on an upside down spoon into glass', 7, 2),
    (1, 'ADD', 'to shaker', 4, 3),
    (2, 'POUR', '', 8, 3),
    (3, 'POUR', '', 9, 3),
    (4, 'POUR', '', 10, 3),
    (5, 'SHAKE', 'everything', null, 3),
    (1, 'POUR', 'into shot glass', 15, 4),
    (2, 'POUR', '', 8, 4),
    (3, 'ADD', '', 16, 4),
    (1, 'ADD', 'to shaker', 4, 5),
    (2, 'POUR', '', 12, 5),
    (3, 'POUR', '', 7, 5),
    (4, 'POUR', '', 10, 5),
    (5, 'POUR', '', 11, 5),
    (6, 'SHAKE', 'everything in shaker', null, 5),
    (1, 'ADD', 'into shaker', 4, 6),
    (2, 'POUR', '', 13, 6),
    (3, 'POUR', '', 7, 6),
    (4, 'POUR', '', 10, 6),
    (5, 'DECORATE', 'by making crust', 14, 6),
    (6, 'SHAKE', 'everything', null, 6),
    (1, 'ADD', 'to glass', 4, 7),
    (2, 'POUR', '', 13, 7),
    (3, 'POUR', '', 17, 7),
    (4, 'MIX', 'with spoon', null, 7),
    (5, 'ADD', 'which should sink to the bottom', 18, 7),
    (1, 'ADD', 'to shaker', 4, 8),
    (2, 'POUR', '', 1, 8),
    (3, 'POUR', '', 19, 8),
    (4, 'POUR', '', 20, 8),
    (5, 'SHAKE', 'everything together', null, 8),
    (1, 'ADD', 'to shaker', 4, 9),
    (2, 'POUR', '', 8, 9),
    (3, 'POUR', '', 21, 9),
    (4, 'POUR', '', 17, 9),
    (5, 'POUR', '', 12, 9),
    (6, 'SHAKE', 'everything together', null, 9);
